name,price,image,description
"Redgear Pro Wireless Gamepad with 2.4GHz Wireless Technology, Integrated Dual Intensity Motor, Illuminated Keys for PC(Compatible with Windows 7/8/8.1/10 only)",1499,https://m.media-amazon.com/images/I/51fCmfd8CML._SY355_.jpg,"Gamepad comes equipped with2.4GHz wireless technology and supports up to 10 metres range, an ideal choice for those looking to enjoy your favourite games without the hassle of cables and wires.;The built-in lithium-ion battery in the gamepad can provide uninterrupted gameplay for up to 2 hours in a single charge for upto 30-minute     Integrated dual intensity motor which allows a realistic gaming experience.     Integrated force feedback. Reset : When an exception occurs, such as Keys disorder, or crash, unable to connect. Remove the USB connection from the gamepad and device and reconnect.     The gamepad comes with illuminated keys on the back which light up and allow visibility even in low light conditions.; 1 year warranty from the date of purchase     Item Width: MM 74; Color Name: Black; Power Source Type: Battery Powered,Corded Electric; Item Length: MM 180; Item Height: MM 156"
"Redgear Pro Series Wired Gamepad with Integrated Force Feedback, Illuminated ABXY Keys, Ergonomically Design, 1.8m USB Cable for PC",1099,https://m.media-amazon.com/images/I/51300qVfYmL._SY450_.jpg,"Integrated force feedback. Reset : When an exception occurs, such as Keys disorder, or crash, unable to connect. Remove the USB connection from gamepad and device and reconnect.     Illuminated ABXY keys, Ergonomically designed. Operating Range : 7 m     2 analog triggers. 2 analog sticks. 11 digital keys. 1.8m USB cable. X input and Direct input Compatible     Windows 7 / 8 / 8.1 / 10 compatible ; 1.8m USB cable, X input and Direct input Compatible ; 2 analog triggers, 2 analog sticks     1 year warranty. Warranty is covered only against manufacturing defects , physical damage is not covered under warranty     Manufacturer Detail: Redwood Interactive , Address :- 131, guru gobin Industrial estate, next to jay coach Goregaon east Mumbai 63     Packer Detail: Redwood Interactive , Address :- 131, guru gobin Industrial estate, next to jay coach Goregaon east Mumbai 63     Importer Details: Redwood Interactive , Address :- 131, guru gobin Industrial estate, next to jay coach Goregaon east Mumbai 63"
Redgear (Refurbished) Pro Wireless Gamepad (Black),1189,https://m.media-amazon.com/images/I/41IIW39JzyL._SY300_SX300_QL70_FMwebp_.jpg,<br>This Amazon Renewed product will be in an unboxed or refurbished condition and has been professionally inspected and tested by an Amazon qualified supplier. Box and accessories may be generic     <br>X input and direct input     <br>Integrated force feedback     <br>2 analog sticks; 2 analog triggers     <br>Power Source Type:battery powered; Warranty Description: 6 Month Seller Warranty
Redgear (Refurbished) Pro Series Wired Gamepad Plug And Play Support For All Pc Games Supports Windows 7/8/8.1/10,839,https://m.media-amazon.com/images/I/81f4ZAbIp7L._SX450_.jpg,This Amazon Renewed product will be in an unboxed or refurbished condition and has been professionally inspected and tested by an Amazon qualified supplier. Box and accessories may be generic     Integrated force feedback     Illuminated ABXY keys     2 analog triggers     2 analog sticks
Redgear Pro Wireless Series Gamepad Wireless Receiver for PC Black,236,https://m.media-amazon.com/images/I/61qBXhkTV3L._SY355_.jpg,10m wireless connectivity     Can be used for Redgear Elite wireless gamepad
Redgear Pro Wireless Gamepad (Compatible with Windows 7/8/8.1/10 only) and Pro Series Wired Gamepad Plug and Play Support for All PC Games Supports Windows/8/8.1/10,2598,https://m.media-amazon.com/images/I/712XoA-0qLL._SX355_.jpg,"Integrated force feedback     Illuminated ABXY keys, Ergonomically designed     2 analog triggers     2 analog sticks     X input and direct input, Operating Range: 10 m     Integrated force feedback ; Buttons: 11 ; Operating Frequency: 2.4 GHz ; Features: 2 Analog Triggers, 2 Analog Sticks, 11 Digital Keys, Supports X Input and Direct Input, Upto 10 hrs of Gameplay     2 analog sticks, Ergonomically designed     2 analog triggers"
Redgear Pro Wireless Gamepad (Compatible with Windows 7/8/8.1/10 only) and MP35 Speed-Type Gaming Mousepad (Black/Red),1798,https://m.media-amazon.com/images/I/4186Q9PDUAL._SY300_SX300_QL70_FMwebp_.jpg,"Product 1: X input and direct input, Operating Range: 10 m     Product 1: Integrated force feedback ; Buttons: 11 ; Operating Frequency: 2.4 GHz ; Features: 2 Analog Triggers, 2 Analog Sticks, 11 Digital Keys, Supports X Input and Direct Input, Upto 10 hrs of Gameplay     Product 1: 2 analog sticks, Ergonomically designed     Product 2: Speed-type surface mousepad is designed with the use of great technology and craftsmanship especially for professional gamers     Product 2: Mouse Mat Size: 350mm x 250mm x 4mm     Product 2: Fit for all gaming mouse, regardless of sensitivity settings     Product 2: Quick response for consistent in game control"
"Redgear Pro Wireless Gamepad with 2.4GHz Wireless Technology, Integrated Dual Intensity Motor, Illuminated Keys for PC(Compatible with Windows 7/8/8.1/10 only) & SS35 Gaming Mousepad",1798,https://m.media-amazon.com/images/I/61KcueRxg2L._SX355_.jpg,"Product 1: Gamepad comes equipped with2.4GHz wireless technology and supports up to 10 metres range, an ideal choice for those looking to enjoy your favourite games without the hassle of cables and wires.;The built-in lithium-ion battery in the gamepad can provide uninterrupted gameplay for up to 2 hours in a single charge for upto 30-minute     Product 1: Integrated dual intensity motor which allows a realistic gaming experience.     Product 1: Integrated force feedback. Reset : When an exception occurs, such as Keys disorder, or crash, unable to connect. Remove the USB connection from the gamepad and device and reconnect.     Product 1: The gamepad comes with illuminated keys on the back which light up and allow visibility even in low light conditions.; 1 year warranty from the date of purchase     Product 2: Redgear SS35 Mousepad is Speed-type surface mousepad designed with the use of great technology and craftsmanship especially for professional gamers     Product 2: Mouse Mat Size: 350mm x 250mm x 4mm     Product 2: Fit for all gaming mouse, regardless of sensitivity settings     Product 2: Quick response for consistent in game control"
"Redgear Pro Series Wired Gamepad with Integrated Force Feedback, Illuminated ABXY Keys, Ergonomically Design, 1.8m USB Cable for PC & Pro Wireless Series Gamepad Wireless Receiver for PC Black",1335,https://m.media-amazon.com/images/I/41BXLZoqC1L._SY450_.jpg,"Product 1: Integrated force feedback. Reset : When an exception occurs, such as Keys disorder, or crash, unable to connect. Remove the USB connection from gamepad and device and reconnect.;Illuminated ABXY keys, Ergonomically designed. Operating Range : 7 m     Product 1: 2 analog triggers. 2 analog sticks. 11 digital keys. 1.8m USB cable. X input and Direct input Compatible;Windows 7 / 8 / 8.1 / 10 compatible ; 1.8m USB cable, X input and Direct input Compatible ; 2 analog triggers, 2 analog sticks     Product 1: 1 year warranty. Warranty is covered only against manufacturing defects , physical damage is not covered under warranty;Manufacturer Detail: Redwood Interactive , Address :- 131, guru gobin Industrial estate, next to jay coach Goregaon east Mumbai 63     Product 1: Packer Detail: Redwood Interactive , Address :- 131, guru gobin Industrial estate, next to jay coach Goregaon east Mumbai 63; Importer Details: Redwood Interactive , Address :- 131, guru gobin Industrial estate, next to jay coach Goregaon east Mumbai 63     Product 2: 10m wireless connectivity     Product 2: Can be used for Redgear Elite wireless gamepad     Product 2: Can be used for Redgear Pro series wireless gamepad     Product 2: Country of Origin: China"
Redgear Pro Series Wired Gamepad Plug and Play Support for All PC Games Supports Windows/8/8.1/10 and MP35 Speed-Type Gaming Mousepad (Black/Red),1398,https://m.media-amazon.com/images/I/71Sr1kkf1GL._SX450_.jpg,"Integrated force feedback     Illuminated ABXY keys, Ergonomically designed     2 analog triggers     2 analog sticks     Speed-type surface mousepad is designed with the use of great technology and craftsmanship especially for professional gamers     Mouse Mat Size: 350mm x 250mm x 4mm     Fit for all gaming mouse, regardless of sensitivity settings     Quick response for consistent in game control"
"Redgear Elite v2 Wireless Gamepad with 2.4GHz Wireless Technology, 2 Digital triggers, 2 Analog Sticks, Integrated Dual Intensity Motor for PC(Black)",998,https://m.media-amazon.com/images/I/51+clzvO-0L._SY450_.jpg,"Redgear Elite v2 Gamepad comes with wireless technology and supports up to 10 metres range     Dual intensity motor which allows a realistic gaming experience.; X input and direct input compatible gamepad.     The gamepad comes with a strong durable build for long and rough gaming sessions.     1 year warranty. Warranty is covered only against manufacturing defects , physical damage is not covered under warranty     Item Width: 70 mm; Power Source Type: Battery Powered; Item Height: 110 mm; Warranty Description: 1 Year From The Date Of Purchase; Item Length: 160 mm"
"Redgear Pro Wireless Gamepad with 2.4GHz Wireless Technology, Integrated Dual Intensity Motor, Illuminated Keys for PC & ar Pro Wireless Series Gamepad Wireless Receiver for PC Black",1735,https://m.media-amazon.com/images/I/31ZmaHj585L._SX300_SY300_QL70_FMwebp_.jpg,"Product 1: Gamepad comes equipped with2.4GHz wireless technology and supports up to 10 metres range, an ideal choice for those looking to enjoy your favourite games without the hassle of cables and wires.     Product 1: The built-in lithium-ion battery in the gamepad can provide uninterrupted gameplay for up to 2 hours in a single charge for upto 30-minute     Product 1: Integrated dual intensity motor which allows a realistic gaming experience.     Product 1: Integrated force feedback. Reset : When an exception occurs, such as Keys disorder, or crash, unable to connect. Remove the USB connection from the gamepad and device and reconnect.     Product 2: 10m wireless connectivity     Product 2: Can be used for Redgear Elite wireless gamepad     Product 2: Country of Origin: China"
Redgear Pro Series Wired Gamepad Plug & Play Support for All PC Games Supports Windows/8/8.1/10 MP35 Control-Type Gaming Mousepad (Black/Red),1398,https://m.media-amazon.com/images/I/71kUFPIKZ9L._SX450_.jpg,"Integrated force feedback     Illuminated ABXY keys, Ergonomically designed     2 analog triggers     2 analog sticks     Control-type surface mousepad is designed with the use of great technology and craftsmanship especially for professional gamers     Mouse Mat Size: 350mm x 250mm x 4mm     Fit for all gaming mouse, regardless of sensitivity settings     Great design with textured surface to create sensation of resistance to your mouse movements for control gameplay"
Redgear (Refurbished) Redgear Pro Series Wireless Gamepad,1199,https://m.media-amazon.com/images/I/71ylIismBQL._SY355_.jpg,"This Amazon Renewed product will be in an unboxed or refurbished condition and has been professionally inspected and tested by an Amazon qualified supplier. Box and accessories may be generic     Entry Level Gamepad, In case of manufacturing defects, please reach out to brand on phone: 02242102409 / 02242102410 for replacement     Integrated force feedback, Built-in battery     10m wireless range, Windows 10 compatible"
"REDSTORM Wireless Pc Controller, Easysmx Dual-Vibration Joystick Gamepad Computer Gaming Controller For Pc Windows 7/8/10/11/12, Steam, Ps3, Switch And Android- Black",2814,https://m.media-amazon.com/images/I/51uMjUh0zyL._SX300_SY300_QL70_FMwebp_.jpg,"🎮【Universal Compatibility】EasySMX 9110 Wireless Game Controller supports PS3, PC, Android phones and tablets, and it is compatible with Windows XP/ 7/8/10 and Android 4.0 or above.     🎮【Wireless Connectivity】10m(32.8ft) connectivity range covers the living room and bedroom. No wires, no mess, no hassle. Just wirelessly connect to your device and get to the gaming.     🎮【Dual Vibration Feedback】Asymmetrical linear motor put you in the center of the action, giving you immersive gaming experience with multi magnitude of vibration feedback.     🎮【Ergonomics】The non-slip grips are designed for improved stability. The indentation and textured surface of the joystick fit your fingers snuggly and prevent slips in intense games, giving you full control.     🎮【Battery Operated】The wireless game controller has an embedded lithium battery and it has a smart sleep function, increasing battery efficiency."
Redgear MP35 Control-Type Gaming Mousepad (Black/Red),299,https://m.media-amazon.com/images/I/41NYfAbBY2L._SX300_SY300_QL70_FMwebp_.jpg,"Control-type surface mousepad is designed with the use of great technology and craftsmanship especially for professional gamers     Mouse Mat Size: 350mm x 250mm x 4mm     Fit for all gaming mouse, regardless of sensitivity settings     Great design with textured surface to create sensation of resistance to your mouse movements for control gameplay     Reliable in-game control of your sensitivity with maximum precision     Sensor reactive coating that reflects more light back to the mouse sensor     Mouse moves the way you want it with zero hindrance"